Name,Link
VS Code Extension: New Remote Development Pack introduced,https://medium.com/@billys.moustakas/vs-code-extension-new-remote-development-pack-introduced-fe3730dde771
"Koji is a platform that makes building and deploying full-stack web apps dramatically faster, and easier.",https://gokoji.com/
Licia: Useful Utility Collection with Zero Dependencies:),https://licia.liriliri.io/
PCI DSS for “Blockchain Based” Crypto Projects,https://2muchcoffee.com/blog/pci-dss-for-crypto-projects-blockchain-based/
Node.js TypeScript #12. Introduction to Worker Threads with TypeScript,https://wanago.io/2019/05/06/node-js-typescript-12-worker-threads/
Open source full-stack solution for fast PWA development,https://bento-starter.netlify.com/
Build a Modern Chat Application with React,https://www.cometchat.com/tutorials/build-a-modern-chat-application-with-react/
Angular JS chat tutorial: Anonymous group chat,https://www.cometchat.com/tutorials/build-an-anonymous-group-chat-with-angular-7/
EchoJS Vacation Notice,/news/31674
5 things you didn’t know about React DevTools,https://blog.logrocket.com/5-things-you-didnt-know-about-react-devtools-2c6e0ef22529
A horrifying globalThis polyfill in universal JavaScript,https://mathiasbynens.be/notes/globalthis
Getting Started With React Redux Using React,https://www.js-tutorials.com/react-js/getting-started-with-react-redux-example-using-react/
Npm module that returns user's social network avatar without need of token or API keys,https://github.com/eldimious/network-avatar-picker
Introduction to Angular Grid,https://techshard.com/2019/05/05/introduction-to-angular-grid/
"Terminal based 404 page with jargon, wikipedia, github and rfc commands",https://terminal.jcubic.pl/404
Image recognition with React & ONNX.js - On Web,https://heartbeat.fritz.ai/building-an-image-recognition-app-using-onnx-js-c7147f4f291b
Combination of React and D3,https://medium.com/@icrosil/combination-of-react-and-d3-1fb07b00fb55
React Hooks/Suspense and a Functional Programming: Hooks/Suspense as Applicative/Monadic syntax,https://medium.freecodecamp.org/when-to-use-react-suspense-vs-react-hooks-f66ef94cb54f
"A Starter Project for Building Distributed, Message Based Node Apps",https://github.com/node-ts/bus-starter
React Navigation vs. React Native Navigation: Which is right for you?,https://blog.logrocket.com/react-navigation-vs-react-native-navigation-which-is-right-for-you-3d47c1cd1d63
Node Express Analytics Dashboard with Cube.js,https://cube.dev/blog/node-express-analytics-dashboard-with-cubejs/
10 JavaScript Charting Libraries for Every Data Visualization Need,https://hackernoon.com/10-javascript-charting-libraries-data-visualization-b77523d23372
Facebook makes its first browser API contribution,https://techcrunch.com/2019/04/22/facebook-makes-its-first-browser-api-contribution/
Introduction to Vue Render Functions (w/ examples),https://snipcart.com/blog/vue-render-functions
React: JSX & Rendering,https://itnext.io/react-jsx-rendering-4405d3a3d6c3
How to Write Node.Js Applications in Typescript,https://medium.com/@freek_mencke/how-to-write-node-js-applications-in-typescript-a54af696f66?source=friends_link&amp;sk=2576a44b4fed8e1a49c2513fc2ac0fd3
Redux Agent · Reducer-driven effects for React/Redux apps,https://redux-agent.org
LIPS Is Pretty Simple - lisp in JavaScript with full macro support,https://jcubic.github.io/lips/
Using Boxing to prevent distribution of conditional types in typescript,https://lorefnon.tech/2019/05/02/using-boxing-to-prevent-distribution-of-conditional-types/
A better strategy for long term caching,https://medium.com/@sujankanwar/a-better-strategy-for-long-term-caching-d41f3c63cb74?source=friends_link&sk=e714b2838a48b83a7fa90377faed8e54
